Customer Key,Customer ID,Customer Name
100000,RH-19495,Rick Hansen
100001,JR-16210,Justin Ritter
100002,CR-12730,Craig Reiter
100003,KM-16375,Katherine Murray
100004,RH-9495,Rick Hansen
100005,JM-15655,Jim Mitchum
100006,TS-21340,Toby Swindell
100007,MB-18085,Mick Brown
100008,JW-15220,Jane Waco
100009,JH-15985,Joseph Holt
100010,GM-14695,Greg Maxwell
100011,AJ-10780,Anthony Jacobs
100012,MM-7260,Magdelene Morse
100013,VF-21715,Vicky Freymann
100014,PF-19120,Peter Fuller
100015,BP-11185,Ben Peterman
100016,TB-21175,Thomas Boland
100017,PJ-18835,Patrick Jones
100018,JS-15685,Jim Sink
100019,RH-9555,Ritsa Hightower
100020,AB-600,Ann Blume
100021,SA-20830,Sue Ann Reed
100022,JK-15325,Jason Klamczynski
100023,LB-16795,Laurel Beltran
100024,NP-18325,Naresj Patel
100025,VD-21670,Valerie Dominguez
100026,PB-19210,Phillip Breyer
100027,EB-14110,Eugene Barchas
100028,KF-16285,Karen Ferguson
100029,BP-11230,Benjamin Patterson
100030,RR-19525,Rick Reed
100031,BS-11365,Bill Shonely
100032,JE-15745,Joel Eaton
100033,DP-13105,Dave Poirier
100034,NP-18700,Nora Preis
100035,AH-30,Aaron Hawkins
100036,DM-13015,Darrin Martin
100037,GT-14635,Grant Thornton
100038,PO-18865,Patrick O'Donnell
100039,DL-12865,Dan Lawera
100040,JB-16000,Joy Bell-
100041,BF-11005,Barry Franz
100042,VG-21805,Vivek Grady
100043,GT-14710,Greg Tran
100044,ZC-21910,Zuschuss Carroll
100045,SC-20095,Sanjit Chand
100046,EB-13840,Ellis Ballard
100047,AP-10915,Arthur Prichep
100048,SW-20275,Scott Williamson
100049,JH-15820,John Huston
100050,LC-16885,Lena Creighton
100051,TG-11640,Trudy Glocke
100052,HR-14830,Harold Ryan
100053,DG-3300,Deirdre Greer
100054,SG-20470,Sheri Gordon
100055,FH-14365,Fred Hopkins
100056,GP-14740,Guy Phonely
100057,MW-18220,Mitch Webber
100058,PO-18850,Patrick O'Brill
100059,CS-12460,Chuck Sachs
100060,KD-16495,Keith Dawkins
100061,MS-17980,Michael Stewart
100062,KC-16675,Kimberly Carter
100063,DB-13405,Denny Blanton
100064,JD-15895,Jonathan Doherty
100065,DK-13090,Dave Kipp
100066,CS-11845,Cari Sayre
100067,EM-14200,Evan Minnotte
100068,DW-3480,Dianna Wilson
100069,AS-10225,Alan Schoenberger
100070,ST-20530,Shui Tom
100071,BW-1065,Barry Weirich
100072,LA-16780,Laura Armstrong
100073,AB-10150,Aimee Bixby
100074,CM-12385,Christopher Martinez
100075,BE-11410,Bobby Elias
100076,SZ-20035,Sam Zeldin
100077,RM-19375,Raymond Messe
100078,HG-14845,Harry Greene
100079,DP-3105,Dave Poirier
100080,AR-10540,Andy Reiter
100081,TP-21415,Tom Prescott
100082,AM-10705,Anne McFarland
100083,AB-255,Alejandro Ballentine
100084,RP-19270,Rachel Payne
100085,BK-11260,Berenike Kampe
100086,JM-15250,Janet Martin
100087,LW-16990,Lindsay Williams
100088,NZ-18565,Nick Zandusky
100089,SV-10815,Stuart Van
100090,SC-20695,Steve Chapman
100091,NC-18625,Noah Childs
100092,NF-18385,Natalie Fritzler
100093,PM-18940,Paul MacIntyre
100094,MZ-17335,Maria Zettner
100095,HM-4980,Henry MacAllister
100096,RW-19540,Rick Wilson
100097,LH-17155,Logan Haushalter
100098,KM-16660,Khloe Miller
100099,AB-10060,Adam Bellavance
100100,DB-13060,Dave Brooks
100101,VM-21685,Valerie Mitchum
100102,DM-13525,Don Miller
100103,NM-18520,Neoma Murray
100104,RO-19780,Rose O'Brian
100105,SB-20185,Sarah Brown
100106,EM-14065,Erin Mull
100107,RS-19765,Roland Schwarz
100108,ON-18715,Odella Nelson
100109,VS-21820,Vivek Sundaresam
100110,CM-12115,Chad McGuire
100111,TB-21400,Tom Boeckenhauer
100112,AB-10105,Adrian Barton
100113,DW-13540,Don Weiss
100114,PS-19045,Penelope Sewall
100115,CC-12370,Christopher Conant
100116,TC-21295,Toby Carlisle
100117,GM-14440,Gary McGarr
100118,SV-20815,Stuart Van
100119,MM-17920,Michael Moore
100120,JK-16120,Julie Kriz
100121,DJ-13510,Don Jones
100122,AT-10435,Alyssa Tate
100123,AB-10015,Aaron Bergman
100124,RP-19390,Resi Pölking
100125,MJ-17740,Max Jones
100126,PV-18985,Paul Van Hugh
100127,SB-20290,Sean Braxton
100128,SM-10005,Sally Matthias
100129,KH-16330,Katharine Harms
100130,MP-18175,Mike Pelletier
100131,LH-17020,Lisa Hazard
100132,ND-18370,Natalie DeCherney
100133,CR-12625,Corey Roper
100134,GM-14680,Greg Matthias
100135,RA-19945,Ryan Akin
100136,BW-11110,Bart Watters
100137,RF-19735,Roland Fjeld
100138,AG-10675,Anna Gayman
100139,DM-12955,Dario Medina
100140,KD-16270,Karen Daniels
100141,BE-11335,Bill Eplett
100142,SO-20335,Sean O'Donnell
100143,DK-12835,Damala Kotsonis
100144,LC-7050,Liz Carlisle
100145,CG-12520,Claire Gute
100146,TB-21280,Toby Braunhardt
100147,HG-15025,Hunter Glantz
100148,AD-10180,Alan Dominguez
100149,BP-11155,Becky Pak
100150,AA-10480,Andrew Allen
100151,RL-19615,Rob Lucas
100152,CS-12505,Cindy Stewart
100153,SW-20245,Scot Wooten
100154,TA-21385,Tom Ashbrook
100155,YC-21895,Yoseph Carroll
100156,JM-15580,Jill Matthias
100157,MZ-7335,Maria Zettner
100158,JF-15295,Jason Fortune-
100159,JL-15835,John Lee
100160,DJ-3510,Don Jones
100161,MF-18250,Monica Federle
100162,JE-15610,Jim Epp
100163,CP-12340,Christine Phan
100164,EH-14125,Eugene Hildebrand
100165,NC-18340,Nat Carroll
100166,JS-16030,Joy Smith
100167,AM-10360,Alice McCarthy
100168,JF-15190,Jamie Frazer
100169,JG-15160,James Galang
100170,DP-13390,Dennis Pardue
100171,AG-10330,Alex Grayson
100172,GK-14620,Grace Kelly
100173,NF-18475,Neil Französisch
100174,DR-12940,Daniel Raglin
100175,NB-18655,Nona Balk
100176,NM-18445,Nathan Mautz
100177,NP-18670,Nora Paige
100178,SC-20380,Shahid Collister
100179,PA-9060,Pete Armstrong
100180,RB-19570,Rob Beeghly
100181,SR-20740,Steven Roelle
100182,RH-19510,Rick Huthwaite
100183,LH-16750,Larry Hughes
100184,KB-16585,Ken Black
100185,EM-13810,Eleni McCrary
100186,MZ-7515,Mary Zewe
100187,DM-13345,Denise Monton
100188,CA-11965,Carol Adams
100189,SC-20305,Sean Christensen
100190,MH-18115,Mick Hernandez
100191,KS-16300,Karen Seio
100192,BG-11740,Bruce Geld
100193,CR-2625,Corey Roper
100194,CB-12415,Christy Brittain
100195,AP-10720,Anne Pryor
100196,CR-12820,Cyra Reiten
100197,BF-11080,Bart Folk
100198,JM-15265,Janet Molinari
100199,TW-21025,Tamara Willingham
100200,RB-19330,Randy Bradley
100201,JA-15970,Joseph Airdo
100202,AB-60,Adam Bellavance
100203,JR-5670,Jim Radford
100204,MD-17350,Maribeth Dona
100205,PK-19075,Pete Kriz
100206,TP-21130,Theone Pippenger
100207,JK-15640,Jim Kriz
100208,CD-11920,Carlos Daly
100209,JL-5835,John Lee
100210,EP-13915,Emily Phan
100211,MS-17770,Maxwell Schwartz
100212,CM-12655,Corinna Mitchell
100213,JC-6105,Julie Creighton
100214,GB-14530,George Bell
100215,JH-16180,Justin Hirsh
100216,MT-8070,Michelle Tran
100217,CV-2805,Cynthia Voltz
100218,NH-18610,Nicole Hansen
100219,HJ-14875,Heather Jas
100220,JL-15175,James Lanier
100221,MY-18295,Muhammed Yedwab
100222,MW-18235,Mitch Willingham
100223,KC-16540,Kelly Collister
100224,HA-14920,Helen Andreada
100225,MT-17815,Meg Tillman
100226,FW-14395,Fred Wasserman
100227,BH-11710,Brosina Hoffman
100228,DK-12895,Dana Kaydos
100229,SC-20845,Sung Chung
100230,CY-12745,Craig Yedwab
100231,HL-15040,Hunter Lopez
100232,CT-11995,Carol Triggs
100233,GR-4560,Georgia Rosenberg
100234,TT-21070,Ted Trevino
100235,PO-19195,Phillina Ober
100236,ED-13885,Emily Ducich
100237,TM-21490,Tony Molinari
100238,AW-10840,Anthony Witt
100239,AT-10735,Annie Thurman
100240,SG-10605,Speros Goranitis
100241,BM-11785,Bryan Mills
100242,DK-13375,Dennis Kane
100243,PF-19225,Phillip Flathmann
100244,TG-21310,Toby Gnade
100245,SF-10200,Sarah Foster
100246,JW-5220,Jane Waco
100247,CC-12100,Chad Cunningham
100248,RD-19930,Russell D'Ascenzo
100249,BP-1230,Benjamin Patterson
100250,CS-12175,Charles Sheldon
100251,JD-16060,Julia Dunbar
100252,GH-14665,Greg Hansen
100253,CM-11935,Carlos Meador
100254,RB-9465,Rick Bensley
100255,RB-19795,Ross Baird
100256,DL-13495,Dionis Lloyd
100257,TS-21205,Thomas Seio
100258,MV-8190,Mike Vittorini
100259,BD-11560,Brendan Dodson
100260,PS-18760,Pamela Stobb
100261,FM-14215,Filia McAdams
100262,CA-12775,Cynthia Arntzen
100263,CD-12790,Cynthia Delaney
100264,NL-18310,Nancy Lomonaco
100265,TB-21055,Ted Butterfield
100266,EH-4125,Eugene Hildebrand
100267,KB-16600,Ken Brennan
100268,KW-16435,Katrina Willman
100269,MG-17695,Maureen Gnade
100270,HM-14860,Harry Marie
100271,BP-11290,Beth Paige
100272,HZ-4950,Henia Zydlo
100273,TC-20980,Tamara Chand
100274,EM-13825,Elizabeth Moffitt
100275,BS-11800,Bryan Spruell
100276,DV-13465,Dianna Vittorini
100277,MB-17305,Maria Bertelson
100278,PC-19000,Pauline Chand
100279,CA-12310,Christine Abelman
100280,KC-16255,Karen Carlisle
100281,DB-3660,Duane Benoit
100282,SC-20260,Scott Cohen
100283,BD-11500,Bradley Drucker
100284,BM-11140,Becky Martin
100285,KB-16315,Karl Braun
100286,JM-15865,John Murray
100287,AF-10885,Art Foster
100288,SJ-20500,Shirley Jackson
100289,WB-21850,William Brown
100290,CC-12610,Corey Catlett
100291,BE-11455,Brad Eason
100292,TG-21640,Trudy Glocke
100293,MS-17365,Maribeth Schnelling
100294,NP-18685,Nora Pelletier
100295,RM-19675,Robert Marley
100296,SN-20560,Skye Norling
100297,CD-12280,Christina DeMoss
100298,BG-11035,Barry Gonzalez
100299,CC-12550,Clay Cheatham
100300,SV-20785,Stewart Visinsky
100301,HW-14935,Helen Wasserman
100302,AS-10285,Alejandro Savely
100303,LD-16855,Lela Donovan
100304,NS-18505,Neola Schneider
100305,CM-12715,Craig Molinari
100306,JD-6060,Julia Dunbar
100307,MG-17680,Maureen Gastineau
100308,DB-13210,Dean Braden
100309,CS-11860,Cari Schnelling
100310,GG-14650,Greg Guthrie
100311,BN-11470,Brad Norvell
100312,BS-1665,Brian Stugart
100313,AC-10450,Amy Cox
100314,CK-12205,Chloris Kastensmidt
100315,JD-16150,Justin Deggeller
100316,CC-2550,Clay Cheatham
100317,MS-17830,Melanie Seite
100318,SM-20950,Suzanne McNair
100319,CL-12700,Craig Leslie
100320,CM-12160,Charles McCrossin
100321,JC-15775,John Castell
100322,LH-16900,Lena Hernandez
100323,DV-13045,Darrin Van Huff
100324,BT-11530,Bradley Talbott
100325,BM-1650,Brian Moss
100326,MG-18205,Mitch Gastineau
100327,RB-19705,Roger Barcio
100328,FC-14245,Frank Carlisle
100329,TT-21220,Thomas Thornton
100330,SJ-20215,Sarah Jordon
100331,PB-18805,Patrick Bzostek
100332,RW-19690,Robert Waldorf
100333,DB-3360,Dennis Bolton
100334,DK-13150,David Kendrick
100335,RW-9540,Rick Wilson
100336,MP-17470,Mark Packer
100337,TB-21625,Trudy Brown
100338,MO-17800,Meg O'Connel
100339,MR-17545,Mathew Reese
100340,LC-17050,Liz Carlisle
100341,RA-19885,Ruben Ausman
100342,MG-8145,Mike Gockenbach
100343,JE-16165,Justin Ellison
100344,JK-16090,Juliana Krohn
100345,EM-13960,Eric Murdock
100346,DJ-13420,Denny Joy
100347,BO-11425,Bobby Odegard
100348,LW-17215,Luke Weiss
100349,PJ-19015,Pauline Johnson
100350,KM-16720,Kunst Miller
100351,BG-11695,Brooke Gillingham
100352,CS-12130,Chad Sievert
100353,MC-17425,Mark Cousins
100354,BD-1635,Brian Derr
100355,RF-19345,Randy Ferguson
100356,MG-7680,Maureen Gastineau
100357,KH-16690,Kristen Hastings
100358,CC-12475,Cindy Chapman
100359,LT-16765,Larry Tron
100360,BF-10975,Barbara Fisher
100361,CJ-12010,Caroline Jumper
100362,SH-9975,Sally Hughsby
100363,SL-20155,Sara Luxemburg
100364,NC-8340,Nat Carroll
100365,JB-5400,Jennifer Braxton
100366,TB-21250,Tim Brockman
100367,PS-18970,Paul Stevenson
100368,BB-11545,Brenda Bowman
100369,SG-10470,Sheri Gordon
100370,SP-20920,Susan Pistek
100371,Dp-13240,Dean percer
100372,GZ-14470,Gary Zandusky
100373,AH-10075,Adam Hart
100374,CB-2025,Cassandra Brandow
100375,SC-20050,Sample Company A
100376,SC-10230,Scot Coram
100377,JS-15595,Jill Stevenson
100378,BS-11380,Bill Stewart
100379,JL-5130,Jack Lebron
100380,AS-10090,Adam Shillingsburg
100381,EL-13735,Ed Ludwig
100382,FH-14275,Frank Hawley
100383,OT-18730,Olvera Toch
100384,SM-10320,Sean Miller
100385,PM-19135,Peter McVee
100386,TS-11430,Tom Stivers
100387,LS-17245,Lynn Smith
100388,SF-20200,Sarah Foster
100389,CM-11815,Candace McMahon
100390,FG-14260,Frank Gastineau
100391,KN-6705,Kristina Nunn
100392,TB-11520,Tracy Blumstein
100393,JB-15400,Jennifer Braxton
100394,KH-16510,Keith Herrera
100395,DL-13330,Denise Leinenbach
100396,KN-16390,Katherine Nockton
100397,SV-20935,Susan Vittorini
100398,MD-17860,Michael Dominguez
100399,LS-17200,Luke Schmidt
100400,CM-12445,Chuck Magee
100401,SS-20140,Saphhira Shifley
100402,GH-14425,Gary Hwang
100403,SM-20320,Sean Miller
100404,GR-14560,Georgia Rosenberg
100405,TS-21370,Todd Sumrall
100406,DH-3675,Duane Huffman
100407,MM-8280,Muhammed MacIntyre
100408,PM-9135,Peter McVee
100409,GP-4740,Guy Phonely
100410,AF-10870,Art Ferguson
100411,TS-21505,Tony Sayre
100412,BM-11575,Brendan Murry
100413,AH-10030,Aaron Hawkins
100414,AG-10495,Andrew Gjertsen
100415,AG-675,Anna Gayman
100416,SW-20755,Steven Ward
100417,SK-19990,Sally Knutson
100418,AG-10900,Arthur Gainer
100419,AJ-960,Astrea Jones
100420,MC-7275,Marc Crier
100421,ER-13855,Elpida Rittenbach
100422,EJ-13720,Ed Jacobs
100423,DH-13675,Duane Huffman
100424,HE-14800,Harold Engle
100425,KT-16480,Kean Thornton
100426,SB-20170,Sarah Bern
100427,EM-14140,Eugene Moren
100428,VT-21700,Valerie Takahito
100429,JS-15880,John Stevenson
100430,BC-11125,Becky Castell
100431,NF-18595,Nicole Fjeld
100432,RH-9600,Rob Haberlin
100433,CS-11950,Carlos Soltero
100434,CM-12235,Chris McAfee
100435,LW-16825,Laurel Workman
100436,RD-19585,Rob Dowd
100437,BT-11680,Brian Thompson
100438,MD-7860,Michael Dominguez
100439,CC-12145,Charles Crestani
100440,XP-21865,Xylona Preis
100441,ML-17410,Maris LaWare
100442,BS-11665,Brian Stugart
100443,SC-20230,Scot Coram
100444,QJ-19255,Quincy Jones
100445,RE-19450,Richard Eichhorn
100446,CP-2085,Cathy Prescott
100447,JK-5730,Joe Kamberova
100448,HZ-14950,Henia Zydlo
100449,AR-10570,Anemone Ratner
100450,EH-14005,Erica Hernandez
100451,JR-15700,Jocasta Rupert
100452,PL-18925,Paul Lucas
100453,TC-21145,Theresa Coyne
100454,DG-13300,Deirdre Greer
100455,Dl-13600,Dorris liebe
100456,NC-18415,Nathan Cano
100457,EB-13930,Eric Barreto
100458,CP-12085,Cathy Prescott
100459,SM-20005,Sally Matthias
100460,JR-15670,Jim Radford
100461,DL-12925,Daniel Lacy
100462,FM-14290,Frank Merwin
100463,DP-13165,David Philippe
100464,CK-12595,Clytie Kelty
100465,CM-11830,Cari MacIntyre
100466,PP-18955,Paul Prost
100467,MM-17260,Magdelene Morse
100468,ME-17320,Maria Etezadi
100469,CS-12490,Cindy Schnelling
100470,GH-14410,Gary Hansen
100471,MC-17635,Matthew Clasen
100472,LM-7065,Liz MacKendrick
100473,AR-10510,Andrew Roberts
100474,JH-15910,Jonathan Howell
100475,DK-3375,Dennis Kane
100476,EG-13900,Emily Grady
100477,AS-10630,Ann Steele
100478,CL-11890,Carl Ludwig
100479,CA-12265,Christina Anderson
100480,PF-19165,Philip Fox
100481,DB-12970,Darren Budd
100482,CL-12565,Clay Ludtke
100483,MF-17665,Maureen Fritzler
100484,IM-15055,Ionia McGrath
100485,EB-13975,Erica Bern
100486,AA-10315,Alex Avila
100487,MV-17485,Mark Van Huff
100488,JW-15955,Joni Wasserman
100489,TS-21610,Troy Staebel
100490,MC-17575,Matt Collins
100491,JF-5415,Jennifer Ferguson
100492,AH-10210,Alan Hwang
100493,KD-16345,Katherine Ducich
100494,PG-18895,Paul Gonzalez
100495,HK-14890,Heather Kirkland
100496,RR-19315,Ralph Ritter
100497,HH-5010,Hilary Holden
100498,SH-20635,Stefanie Holloman
100499,AR-10825,Anthony Rawles
100500,RP-9855,Roy Phan
100501,LR-17035,Lisa Ryan
100502,IM-5055,Ionia McGrath
100503,CK-12325,Christine Kargatis
100504,AS-285,Alejandro Savely
100505,DK-12985,Darren Koutras
100506,EH-4185,Evan Henry
100507,ML-17395,Marina Lichtenstein
100508,BF-11215,Benjamin Farhat
100509,MB-7305,Maria Bertelson
100510,CR-12580,Clay Rozendal
100511,TB-21520,Tracy Blumstein
100512,KN-16450,Kean Nguyen
100513,HR-14770,Hallie Redmond
100514,CK-12760,Cyma Kinney
100515,RO-9780,Rose O'Brian
100516,EN-13780,Edward Nazzal
100517,AH-10465,Amy Hunt
100518,AH-10585,Angele Hood
100519,RB-9435,Richard Bierner
100520,AG-525,Andy Gerbode
100521,AR-10345,Alex Russell
100522,MW-8220,Mitch Webber
100523,AH-210,Alan Hwang
100524,TH-21235,Tiffany House
100525,LT-7110,Liz Thompson
100526,HD-14785,Harold Dahlen
100527,MC-7575,Matt Collins
100528,MH-18025,Michelle Huthwaite
100529,CC-2475,Cindy Chapman
100530,CM-12190,Charlotte Melton
100531,RA-19915,Russell Applegate
100532,MT-18070,Michelle Tran
100533,JF-15415,Jennifer Ferguson
100534,ES-14020,Erica Smith
100535,CC-12685,Craig Carroll
100536,IM-15070,Irene Maddox
100537,DA-13450,Dianna Arnett
100538,SS-10410,Shahid Shariari
100539,BM-11650,Brian Moss
100540,SW-20350,Sean Wendt
100541,CM-1830,Cari MacIntyre
100542,MY-17380,Maribeth Yedwab
100543,MS-7830,Melanie Seite
100544,HG-14965,Henry Goldwyn
100545,DC-13285,Debra Catini
100546,DL-13315,Delfina Latchford
100547,JK-15370,Jay Kimmel
100548,CH-2070,Cathy Hwang
100549,MH-7440,Mark Haberlin
100550,MC-17845,Michael Chen
100551,PW-19030,Pauline Webber
100552,BS-11590,Brendan Sweed
100553,DO-13435,Denny Ordway
100554,SG-20890,Susan Gilcrest
100555,SU-20665,Stephanie Ulpright
100556,JC-16105,Julie Creighton
100557,TB-21190,Thomas Brumley
100558,SV-10785,Stewart Visinsky
100559,VP-21760,Victoria Pisteka
100560,LR-16915,Lena Radford
100561,TH-21550,Tracy Hopkins
100562,TC-11145,Theresa Coyne
100563,JL-15235,Janet Lee
100564,RK-19300,Ralph Kennedy
100565,CC-12670,Craig Carreira
100566,DB-13555,Dorothy Badders
100567,SG-20605,Speros Goranitis
100568,MG-17890,Michael Granlund
100569,MA-17560,Matt Abelman
100570,CB-12025,Cassandra Brandow
100571,DH-13075,Dave Hallsten
100572,BT-11395,Bill Tyler
100573,TT-11265,Tim Taslimi
100574,TH-11235,Tiffany House
100575,VG-21790,Vivek Gonzalez
100576,NW-18400,Natalie Webber
100577,VP-21730,Victor Preis
100578,SS-20410,Shahid Shariari
100579,JE-15715,Joe Elijah
100580,AG-270,Alejandro Grove
100581,BW-11200,Ben Wallace
100582,EK-13795,Eileen Kiefer
100583,SG-20080,Sandra Glassco
100584,SC-10725,Steven Cartwright
100585,AG-10525,Andy Gerbode
100586,MG-18145,Mike Gockenbach
100587,BD-11605,Brian Dahlen
100588,PB-19105,Peter Bühler
100589,SC-20575,Sonia Cooley
100590,DO-3435,Denny Ordway
100591,CC-12220,Chris Cortes
100592,TS-21430,Tom Stivers
100593,AZ-10750,Annie Zypern
100594,IG-15085,Ivan Gibson
100595,SP-20860,Sung Pak
100596,KM-16225,Kalyca Meade
100597,KM-6720,Kunst Miller
100598,MM-18055,Michelle Moray
100599,RB-19360,Raymond Buch
100600,NC-8415,Nathan Cano
100601,SN-20710,Steve Nguyen
100602,DL-3330,Denise Leinenbach
100603,JG-15115,Jack Garza
100604,CJ-11875,Carl Jackson
100605,AY-10555,Andy Yotov
100606,BV-11245,Benjamin Venier
100607,PO-9195,Phillina Ober
100608,GZ-4545,George Zrebassa
100609,PN-18775,Parhena Norris
100610,SC-20800,Stuart Calhoun
100611,AC-10615,Ann Chong
100612,VB-21745,Victoria Brennan
100613,TT-11460,Tonja Turnell
100614,AC-10420,Alyssa Crouse
100615,CG-12040,Catherine Glotzbach
100616,TR-11325,Toby Ritter
100617,SC-20440,Shaun Chance
100618,BT-11305,Beth Thompson
100619,JB-15925,Joni Blumstein
100620,GW-14605,Giulietta Weimer
100621,SC-20725,Steven Cartwright
100622,EH-13765,Edward Hooks
100623,YS-21880,Yana Sorensen
100624,FO-14305,Frank Olsen
100625,RP-19855,Roy Phan
100626,AB-10600,Ann Blume
100627,KB-16240,Karen Bern
100628,KA-16525,Kelly Andreada
100629,EM-3960,Eric Murdock
100630,JD-15790,John Dryer
100631,JL-15850,John Lucas
100632,JW-16075,Julia West
100633,LL-6840,Lauren Leatherbury
100634,TH-21100,Thea Hendricks
100635,MC-17275,Marc Crier
100636,NG-8430,Nathan Gelder
100637,KD-16615,Ken Dana
100638,MC-17605,Matt Connell
100639,JK-15625,Jim Karlsson
100640,TS-11505,Tony Sayre
100641,LD-6855,Lela Donovan
100642,LP-17080,Liz Pelletier
100643,CV-12805,Cynthia Voltz
100644,MO-17500,Mary O'Rourke
100645,MS-17530,MaryBeth Skach
100646,GA-14515,George Ashbrook
100647,CS-12355,Christine Sundaresam
100648,GM-14500,Gene McClure
100649,CC-2670,Craig Carreira
100650,MN-17935,Michael Nguyen
100651,JM-16195,Justin MacKendrick
100652,DB-13615,Doug Bickford
100653,PK-18910,Paul Knutson
100654,LS-16945,Linda Southworth
100655,JK-15730,Joe Kamberova
100656,SW-10275,Scott Williamson
100657,MC-18100,Mick Crebagga
100658,EH-13945,Eric Hoffmann
100659,LC-16930,Linda Cazamias
100660,MA-17995,Michelle Arnett
100661,SP-20650,Stephanie Phelps
100662,JH-15430,Jennifer Halladay
100663,ML-17755,Max Ludwig
100664,PC-18745,Pamela Coakley
100665,KE-16420,Katrina Edelman
100666,EM-4200,Evan Minnotte
100667,DW-13480,Dianna Wilson
100668,SC-10680,Steve Carroll
100669,JG-15805,John Grady
100670,LL-16840,Lauren Leatherbury
100671,PV-8985,Paul Van Hugh
100672,PO-19180,Philisse Overcash
100673,SH-19975,Sally Hughsby
100674,GA-14725,Guy Armstrong
100675,GT-4755,Guy Thornton
100676,PR-18880,Patrick Ryan
100677,AG-10765,Anthony Garverick
100678,SE-20110,Sanjit Engle
100679,JB-16045,Julia Barnett
100680,JM-5580,Jill Matthias
100681,JO-15280,Jas O'Carroll
100682,LP-17095,Liz Preis
100683,EJ-14155,Eva Jacobs
100684,VW-21775,Victoria Wilson
100685,GM-14455,Gary Mitchum
100686,BF-1080,Bart Folk
100687,SM-20905,Susan MacKendrick
100688,BO-1425,Bobby Odegard
100689,AW-10930,Arthur Wiediger
100690,JP-15460,Jennifer Patt
100691,AS-10240,Alan Shonely
100692,TB-11625,Trudy Brown
100693,JP-5520,Jeremy Pistek
100694,BD-11770,Bryan Davis
100695,BD-11635,Brian Derr
100696,CC-2370,Christopher Conant
100697,PO-8850,Patrick O'Brill
100698,TZ-21445,Tom Zandusky
100699,RB-19435,Richard Bierner
100700,JE-15475,Jeremy Ellison
100701,AI-10855,Arianne Irving
100702,MH-17440,Mark Haberlin
100703,JE-6165,Justin Ellison
100704,DS-13180,David Smith
100705,AC-10660,Anna Chung
100706,MH-17455,Mark Hamilton
100707,CC-12430,Chuck Clark
100708,NG-18355,Nat Gilpin
100709,RC-19825,Roy Collins
100710,JD-16015,Joy Daniels
100711,JH-5910,Jonathan Howell
100712,SC-10695,Steve Chapman
100713,RD-9930,Russell D'Ascenzo
100714,LC-6930,Linda Cazamias
100715,DW-13195,David Wiener
100716,RD-19900,Ruben Dartt
100717,MV-18190,Mike Vittorini
100718,RD-19480,Rick Duston
100719,SV-20365,Seth Vernon
100720,LS-17230,Lycoris Saunders
100721,GD-14590,Giulietta Dortch
100722,EB-13750,Edward Becker
100723,KH-6360,Katherine Hughes
100724,BF-11275,Beth Fritzler
100725,NG-18430,Nathan Gelder
100726,Co-12640,Corey-Lock
100727,SF-20965,Sylvia Foulston
100728,KB-16405,Katrina Bavinger
100729,LC-16870,Lena Cacioppo
100730,JL-15505,Jeremy Lonsdale
100731,BD-11725,Bruce Degenhardt
100732,TM-21010,Tamara Manning
100733,AB-150,Aimee Bixby
100734,BW-11065,Barry Weirich
100735,FM-14380,Fred McMath
100736,PC-8745,Pamela Coakley
100737,BN-1470,Brad Norvell
100738,AH-10120,Adrian Hane
100739,LF-17185,Luke Foster
100740,DJ-13630,Doug Jacobs
100741,SJ-20125,Sanjit Jacobs
100742,ML-18265,Muhammed Lee
100743,SF-10965,Sylvia Foulston
100744,PO-8865,Patrick O'Donnell
100745,MH-17290,Marc Harrigan
100746,NR-18550,Nick Radford
100747,MK-17905,Michael Kennedy
100748,DB-13660,Duane Benoit
100749,PH-18790,Patricia Hirasaki
100750,AB-10165,Alan Barnes
100751,CA-12055,Cathy Armstrong
100752,JF-5295,Jason Fortune-
100753,KT-16465,Kean Takahito
100754,RB-9705,Roger Barcio
100755,BD-1725,Bruce Degenhardt
100756,EB-13705,Ed Braxton
100757,MG-17875,Michael Grace
100758,MG-17650,Matthew Grinstein
100759,AG-10270,Alejandro Grove
100760,NP-8685,Nora Pelletier
100761,AS-630,Ann Steele
100762,SC-20680,Steve Carroll
100763,MC-17590,Matt Collister
100764,TP-11415,Tom Prescott
100765,HH-15010,Hilary Holden
100766,BT-11485,Brad Thomas
100767,EB-13870,Emily Burns
100768,JP-15520,Jeremy Pistek
100769,CM-2115,Chad McGuire
100770,EA-14035,Erin Ashbrook
100771,FH-14350,Fred Harton
100772,BS-1800,Bryan Spruell
100773,AA-10375,Allen Armold
100774,BN-11515,Bradley Nguyen
100775,EG-3900,Emily Grady
100776,RE-19405,Ricardo Emerson
100777,ND-18460,Neil Ducich
100778,TT-21460,Tonja Turnell
100779,ML-18040,Michelle Lonsdale
100780,JL-5505,Jeremy Lonsdale
100781,SP-20545,Sibella Parks
100782,SF-10065,Sandra Flanagan
100783,AS-10045,Aaron Smayling
100784,TT-11220,Thomas Thornton
100785,AH-10195,Alan Haines
100786,KH-6630,Ken Heidel
100787,AA-10645,Anna Andreadi
100788,JL-15130,Jack Lebron
100789,KM-6375,Katherine Murray
100790,LS-16975,Lindsay Shagiari
100791,KL-16645,Ken Lonsdale
100792,EH-14185,Evan Henry
100793,KW-6570,Kelly Williams
100794,DB-3060,Dave Brooks
100795,FA-14230,Frank Atkinson
100796,JF-15565,Jill Fjeld
100797,LO-7170,Lori Olson
100798,KB-6315,Karl Braun
100799,BS-11755,Bruce Stewart
100800,RB-19465,Rick Bensley
100801,HF-14995,Herbert Flentye
100802,MP-17965,Michael Paige
100803,JJ-15445,Jennifer Jackson
100804,LC-17140,Logan Currie
100805,TT-11070,Ted Trevino
100806,BF-11020,Barry Französisch
100807,ES-14080,Erin Smith
100808,FC-14335,Fred Chung
100809,TS-21160,Theresa Swint
100810,RE-9450,Richard Eichhorn
100811,JC-15340,Jasper Cacioppo
100812,MH-17785,Maya Herman
100813,RF-19840,Roy Französisch
100814,PG-18820,Patrick Gardner
100815,DO-13645,Doug O'Connell
100816,SC-10305,Sean Christensen
100817,TN-21040,Tanja Norvell
100818,DR-12880,Dan Reichenbach
100819,EB-3975,Erica Bern
100820,NS-8505,Neola Schneider
100821,SF-20065,Sandra Flanagan
100822,RA-19285,Ralph Arnett
100823,LT-17110,Liz Thompson
100824,BF-11170,Ben Ferrer
100825,AR-825,Anthony Rawles
100826,SD-20485,Shirley Daniels
100827,GW-4605,Giulietta Weimer
100828,DB-13120,David Bremer
100829,JC-5775,John Castell
100830,ND-8460,Neil Ducich
100831,TC-11295,Toby Carlisle
100832,DM-2955,Dario Medina
100833,PJ-9015,Pauline Johnson
100834,JH-5820,John Huston
100835,ME-18010,Michelle Ellison
100836,AH-10690,Anna Häberlin
100837,RD-19660,Robert Dilbeck
100838,CD-1980,Carol Darley
100839,CL-2565,Clay Ludtke
100840,MO-7800,Meg O'Connel
100841,CR-2580,Clay Rozendal
100842,TC-10980,Tamara Chand
100843,RD-9900,Ruben Dartt
100844,CS-12250,Chris Selesnick
100845,CH-12070,Cathy Hwang
100846,JF-15355,Jay Fein
100847,AS-135,Adrian Shami
100848,SP-20620,Stefania Perrino
100849,EC-14050,Erin Creighton
100850,IG-5085,Ivan Gibson
100851,TB-21355,Todd Boyes
100852,MH-17620,Matt Hagelstein
100853,GT-14755,Guy Thornton
100854,DF-13135,David Flashing
100855,AS-240,Alan Shonely
100856,PG-8820,Patrick Gardner
100857,JS-6030,Joy Smith
100858,SS-20590,Sonia Sunley
100859,CS-2490,Cindy Schnelling
100860,CM-2715,Craig Molinari
100861,BM-1140,Becky Martin
100862,RD-19720,Roger Demir
100863,LD-17005,Lisa DeCherney
100864,EB-3705,Ed Braxton
100865,RH-19555,Ritsa Hightower
100866,JP-6135,Julie Prescott
100867,PB-9210,Phillip Breyer
100868,LC-16960,Lindsay Castell
100869,JC-15385,Jenna Caffey
100870,IL-15100,Ivan Liston
100871,SW-10245,Scot Wooten
100872,CP-2340,Christine Phan
100873,NS-18640,Noel Staavos
100874,TR-21325,Toby Ritter
100875,NF-8385,Natalie Fritzler
100876,TZ-21580,Tracy Zic
100877,TB-11055,Ted Butterfield
100878,AJ-10795,Anthony Johnson
100879,GH-14485,Gene Hale
100880,AG-10300,Aleksandra Gannaway
100881,EH-3945,Eric Hoffmann
100882,JD-6150,Justin Deggeller
100883,KH-16360,Katherine Hughes
100884,JB-6045,Julia Barnett
100885,AH-585,Angele Hood
100886,MS-7530,MaryBeth Skach
100887,HA-14905,Helen Abelman
100888,JG-15310,Jason Gross
100889,CD-1920,Carlos Daly
100890,TC-21535,Tracy Collins
100891,PB-9105,Peter Bühler
100892,AR-10405,Allen Rosenblatt
100893,NK-18490,Neil Knudson
100894,MG-7695,Maureen Gnade
100895,AJ-10945,Ashley Jarboe
100896,RS-19420,Ricardo Sperren
100897,SC-20770,Stewart Carmichael
100898,LM-17065,Liz MacKendrick
100899,DP-13000,Darren Powers
100900,RD-9660,Robert Dilbeck
100901,LB-16735,Larry Blacks
100902,MZ-17515,Mary Zewe
100903,ER-3855,Elpida Rittenbach
100904,MS-17710,Maurice Satty
100905,LC-6960,Lindsay Castell
100906,GZ-14545,George Zrebassa
100907,JK-5625,Jim Karlsson
100908,JJ-15760,Joel Jenkins
100909,CA-2265,Christina Anderson
100910,CC-2220,Chris Cortes
100911,KL-6555,Kelly Lampkin
100912,CS-2175,Charles Sheldon
100913,KL-16555,Kelly Lampkin
100914,RD-9810,Ross DeVincentis
100915,AJ-945,Ashley Jarboe
100916,CC-2685,Craig Carroll
100917,LO-17170,Lori Olson
100918,DE-13255,Deanra Eno
100919,RF-9345,Randy Ferguson
100920,SC-20020,Sam Craven
100921,DW-13585,Dorothy Wardle
100922,EM-4065,Erin Mull
100923,TD-20995,Tamara Dahlen
100924,BD-11320,Bill Donatelli
100925,CW-11905,Carl Weiss
100926,CK-2325,Christine Kargatis
100927,BP-11095,Bart Pistole
100928,DV-3465,Dianna Vittorini
100929,MY-7380,Maribeth Yedwab
100930,PB-9150,Philip Brown
100931,AG-10390,Allen Goldenen
100932,KW-16570,Kelly Williams
100933,JF-5190,Jamie Frazer
100934,GB-14575,Giulietta Baptist
100935,MR-7545,Mathew Reese
100936,MO-17950,Michael Oakman
100937,TA-11385,Tom Ashbrook
100938,JM-5655,Jim Mitchum
100939,JS-5880,John Stevenson
100940,HP-14815,Harold Pawlan
100941,CS-12400,Christopher Schild
100942,DE-3255,Deanra Eno
100943,JD-6015,Joy Daniels
100944,CR-2730,Craig Reiter
100945,RC-9960,Ryan Crowe
100946,AO-10810,Anthony O'Donnell
100947,TB-11250,Tim Brockman
100948,RA-9285,Ralph Arnett
100949,MG-8205,Mitch Gastineau
100950,MY-8295,Muhammed Yedwab
100951,SR-20425,Sharelle Roach
100952,BT-1530,Bradley Talbott
100953,LS-7245,Lynn Smith
100954,AB-10255,Alejandro Ballentine
100955,TH-21115,Thea Hudgings
100956,LC-6885,Lena Creighton
100957,AC-660,Anna Chung
100958,EM-14095,Eudokia Martin
100959,BO-11350,Bill Overfelt
100960,DM-3015,Darrin Martin
100961,DD-13570,Dorothy Dickinson
100962,KN-16705,Kristina Nunn
100963,HM-14980,Henry MacAllister
100964,FM-4215,Filia McAdams
100965,JO-15145,Jack O'Briant
100966,TC-11535,Tracy Collins
100967,JK-15205,Jamie Kunitz
100968,DA-3450,Dianna Arnett
100969,DB-12910,Daniel Byrd
100970,EH-4005,Erica Hernandez
100971,DN-13690,Duane Noonan
100972,AS-10135,Adrian Shami
100973,MC-18130,Mike Caudle
100974,MM-18280,Muhammed MacIntyre
100975,RL-9615,Rob Lucas
100976,MA-7560,Matt Abelman
100977,HG-4845,Harry Greene
100978,PB-8805,Patrick Bzostek
100979,RW-19630,Rob Williams
100980,BT-11440,Bobby Trafton
100981,JC-5385,Jenna Caffey
100982,HR-4770,Hallie Redmond
100983,DB-3615,Doug Bickford
100984,JK-6120,Julie Kriz
100985,SW-20455,Shaun Weien
100986,GH-4425,Gary Hwang
100987,GB-4575,Giulietta Baptist
100988,PA-19060,Pete Armstrong
100989,CA-2775,Cynthia Arntzen
100990,CV-12295,Christina VanderZanden
100991,PO-9180,Philisse Overcash
100992,NC-18535,Nick Crebassa
100993,GZ-4470,Gary Zandusky
100994,AM-360,Alice McCarthy
100995,AA-480,Andrew Allen
100996,TB-21595,Troy Blackwell
100997,KH-16630,Ken Heidel
100998,TS-21655,Trudy Schmidt
100999,CD-11980,Carol Darley
101000,DB-13360,Dennis Bolton
101001,SK-9990,Sally Knutson
101002,PT-19090,Pete Takahito
101003,EH-13990,Erica Hackney
101004,ME-17725,Max Engle
101005,ZD-21925,Zuschuss Donatelli
101006,MW-8235,Mitch Willingham
101007,BP-11050,Barry Pond
101008,RC-19960,Ryan Crowe
101009,PN-8775,Parhena Norris
101010,CB-12535,Claudia Bergmann
101011,LR-7035,Lisa Ryan
101012,JG-5160,James Galang
101013,SC-10845,Sung Chung
101014,DK-13225,Dean Katz
101015,CG-2520,Claire Gute
101016,RS-19870,Roy Skaria
101017,DK-2835,Damala Kotsonis
101018,CM-2385,Christopher Martinez
101019,JE-5745,Joel Eaton
101020,CA-1965,Carol Adams
101021,Dl-3600,Dorris liebe
101022,DL-2865,Dan Lawera
101023,CM-2445,Chuck Magee
101024,DB-13270,Deborah Brumfield
101025,EB-4110,Eugene Barchas
101026,BD-11620,Brian DeCherney
101027,MN-7935,Michael Nguyen
101028,DB-2910,Daniel Byrd
101029,LH-7155,Logan Haushalter
101030,JS-5940,Joni Sundaresam
101031,GH-4410,Gary Hansen
101032,SC-10380,Shahid Collister
101033,SL-10155,Sara Luxemburg
101034,EK-3795,Eileen Kiefer
101035,PH-8790,Patricia Hirasaki
101036,HD-4785,Harold Dahlen
101037,CM-2190,Charlotte Melton
101038,AR-570,Anemone Ratner
101039,BT-1305,Beth Thompson
101040,MH-7785,Maya Herman
101041,SC-10260,Scott Cohen
101042,LW-7125,Liz Willingham
101043,SM-10905,Susan MacKendrick
101044,TT-21265,Tim Taslimi
101045,EJ-3720,Ed Jacobs
101046,RS-9765,Roland Schwarz
101047,EM-4095,Eudokia Martin
101048,AJ-10960,Astrea Jones
101049,BD-1770,Bryan Davis
101050,BE-1410,Bobby Elias
101051,KC-6255,Karen Carlisle
101052,DV-3045,Darrin Van Huff
101053,JD-5895,Jonathan Doherty
101054,JM-5865,John Murray
101055,JK-5205,Jamie Kunitz
101056,CL-2700,Craig Leslie
101057,GG-4650,Greg Guthrie
101058,LS-6945,Linda Southworth
101059,JL-5850,John Lucas
101060,VP-11760,Victoria Pisteka
101061,NF-8595,Nicole Fjeld
101062,LE-16810,Laurel Elliston
101063,JJ-5445,Jennifer Jackson
101064,CS-2130,Chad Sievert
101065,BM-1575,Brendan Murry
101066,AC-615,Ann Chong
101067,HG-5025,Hunter Glantz
101068,TB-11400,Tom Boeckenhauer
101069,RB-9330,Randy Bradley
101070,JP-5460,Jennifer Patt
101071,JL-5175,James Lanier
101072,AA-315,Alex Avila
101073,TS-11370,Todd Sumrall
101074,SS-10140,Saphhira Shifley
101075,DP-3000,Darren Powers
101076,JS-5685,Jim Sink
101077,PW-19240,Pierre Wener
101078,NW-8400,Natalie Webber
101079,TS-11340,Toby Swindell
101080,JH-5985,Joseph Holt
101081,NG-8355,Nat Gilpin
101082,FP-14320,Frank Preis
101083,SH-20395,Shahid Hopkins
101084,JP-16135,Julie Prescott
101085,JM-5250,Janet Martin
101086,MA-7995,Michelle Arnett
101087,DR-2940,Daniel Raglin
101088,BF-1020,Barry Französisch
101089,CS-2400,Christopher Schild
101090,JM-15535,Jessica Myrick
101091,JS-15940,Joni Sundaresam
101092,AF-870,Art Ferguson
101093,NP-8670,Nora Paige
101094,SU-10665,Stephanie Ulpright
101095,RD-9585,Rob Dowd
101096,TP-21565,Tracy Poddar
101097,LA-6780,Laura Armstrong
101098,LH-7020,Lisa Hazard
101099,JE-5475,Jeremy Ellison
101100,ES-4080,Erin Smith
101101,EM-4140,Eugene Moren
101102,DS-13030,Darrin Sayre
101103,ZD-11925,Zuschuss Donatelli
101104,JO-5550,Jesus Ocampo
101105,TB-11595,Troy Blackwell
101106,GM-4500,Gene McClure
101107,DD-3570,Dorothy Dickinson
101108,FH-4365,Fred Hopkins
101109,MK-18160,Mike Kennedy
101110,NM-8445,Nathan Mautz
101111,JF-5355,Jay Fein
101112,BF-975,Barbara Fisher
101113,SS-20875,Sung Shariari
101114,PF-9165,Philip Fox
101115,SV-10365,Seth Vernon
101116,BB-10990,Barry Blumstein
101117,PW-9240,Pierre Wener
101118,JF-15490,Jeremy Farry
101119,CW-1905,Carl Weiss
101120,LC-7140,Logan Currie
101121,HK-4890,Heather Kirkland
101122,BT-1440,Bobby Trafton
101123,RD-19810,Ross DeVincentis
101124,KL-6645,Ken Lonsdale
101125,VG-11805,Vivek Grady
101126,PF-9225,Phillip Flathmann
101127,AB-15,Aaron Bergman
101128,LW-6990,Lindsay Williams
101129,PS-8970,Paul Stevenson
101130,LW-17125,Liz Willingham
101131,MC-7590,Matt Collister
101132,JO-15550,Jesus Ocampo
101133,SJ-10125,Sanjit Jacobs
101134,SS-20515,Shirley Schmidt
101135,RB-19645,Robert Barroso
101136,BP-1050,Barry Pond
101137,PG-8895,Paul Gonzalez
101138,RM-19750,Roland Murray
101139,KM-6225,Kalyca Meade
101140,AH-120,Adrian Hane
101141,BM-1785,Bryan Mills
101142,NR-8550,Nick Radford
101143,EB-14170,Evan Bailliet
101144,PB-19150,Philip Brown
101145,TP-11130,Theone Pippenger
101146,KN-6450,Kean Nguyen
101147,RD-9720,Roger Demir
101148,RS-9870,Roy Skaria
101149,EB-3840,Ellis Ballard
101150,TC-21475,Tony Chapman
101151,BH-1710,Brosina Hoffman
101152,MH-7620,Matt Hagelstein
101153,PT-9090,Pete Takahito
101154,DC-2850,Dan Campbell
101155,AG-900,Arthur Gainer
101156,DC-12850,Dan Campbell
101157,JF-5565,Jill Fjeld
101158,SR-10740,Steven Roelle
101159,MK-7905,Michael Kennedy
101160,JK-5370,Jay Kimmel
101161,GM-4680,Greg Matthias
101162,PC-9000,Pauline Chand
101163,DL-3315,Delfina Latchford
101164,JL-5235,Janet Lee
101165,BB-990,Barry Blumstein
101166,RP-9390,Resi Pölking
101167,ES-4020,Erica Smith
101168,MH-7455,Mark Hamilton
101169,JD-5790,John Dryer
101170,DB-3270,Deborah Brumfield
101171,PK-9075,Pete Kriz
101172,NM-8520,Neoma Murray
101173,MO-7500,Mary O'Rourke
101174,SG-10890,Susan Gilcrest
101175,MF-8250,Monica Federle
101176,JG-5310,Jason Gross
101177,YS-11880,Yana Sorensen
101178,FC-4245,Frank Carlisle
101179,BW-1110,Bart Watters
101180,BS-1590,Brendan Sweed
101181,CS-2460,Chuck Sachs
101182,MH-7290,Marc Harrigan
101183,KE-6420,Katrina Edelman
101184,AJ-780,Anthony Jacobs
101185,MM-7920,Michael Moore
101186,ML-8265,Muhammed Lee
101187,RR-9315,Ralph Ritter
101188,JF-5490,Jeremy Farry
101189,AG-765,Anthony Garverick
101190,DS-3030,Darrin Sayre
101191,AH-75,Adam Hart
101192,NB-18580,Nicole Brennan
101193,KD-6270,Karen Daniels
101194,MJ-7740,Max Jones
101195,DM-3525,Don Miller
101196,GH-4665,Greg Hansen
101197,RM-9675,Robert Marley
101198,TS-11610,Troy Staebel
101199,PR-8880,Patrick Ryan
101200,HP-4815,Harold Pawlan
101201,EC-4050,Erin Creighton
101202,BF-1005,Barry Franz
101203,SC-10050,Sample Company A
101204,DM-3345,Denise Monton
101205,CD-2280,Christina DeMoss
101206,BP-1095,Bart Pistole
101207,TC-11475,Tony Chapman
101208,DW-3540,Don Weiss
101209,BE-1455,Brad Eason
101210,AH-195,Alan Haines
101211,DO-3645,Doug O'Connell
101212,CA-2055,Cathy Armstrong
101213,LP-7080,Liz Pelletier
101214,BN-1515,Bradley Nguyen
101215,NK-8490,Neil Knudson
101216,AR-510,Andrew Roberts
101217,VM-11835,Vivian Mathis
101218,TH-11115,Thea Hudgings
101219,AB-165,Alan Barnes
101220,LB-6735,Larry Blacks
101221,GA-4515,George Ashbrook
101222,DJ-3630,Doug Jacobs
101223,LT-6765,Larry Tron
101224,SG-10080,Sandra Glassco
101225,TB-11175,Thomas Boland
101226,AP-915,Arthur Prichep
101227,ON-8715,Odella Nelson
101228,SB-10290,Sean Braxton
101229,AJ-795,Anthony Johnson
101230,TP-11565,Tracy Poddar
101231,ML-8040,Michelle Lonsdale
101232,LC-6870,Lena Cacioppo
101233,AB-105,Adrian Barton
101234,AW-840,Anthony Witt
101235,JO-5280,Jas O'Carroll
101236,ME-7320,Maria Etezadi
101237,SW-10455,Shaun Weien
101238,LP-7095,Liz Preis
101239,DW-3195,David Wiener
101240,SC-10770,Stewart Carmichael
101241,HE-4800,Harold Engle
101242,DL-3495,Dionis Lloyd
101243,EJ-4155,Eva Jacobs
101244,JH-6180,Justin Hirsh
101245,DK-3150,David Kendrick
101246,XP-11865,Xylona Preis
101247,KT-6480,Kean Thornton
101248,MB-8085,Mick Brown
101249,AR-345,Alex Russell
101250,BD-1320,Bill Donatelli
101251,DP-3165,David Philippe
101252,KD-6495,Keith Dawkins
101253,CK-2595,Clytie Kelty
101254,SB-10170,Sarah Bern
101255,JJ-5760,Joel Jenkins
101256,GH-4485,Gene Hale
101257,DB-3555,Dorothy Badders
101258,LB-6795,Laurel Beltran
101259,KT-6465,Kean Takahito
101260,GA-4725,Guy Armstrong
101261,DK-3090,Dave Kipp
101262,SS-10590,Sonia Sunley
101263,SD-10485,Shirley Daniels
101264,TS-21085,Thais Sissman
101265,RA-9945,Ryan Akin
101266,JO-5145,Jack O'Briant
101267,LW-7215,Luke Weiss
101268,RB-9645,Robert Barroso
101269,MV-7485,Mark Van Huff
101270,BW-1200,Ben Wallace
101271,CC-2610,Corey Catlett
101272,BD-1560,Brendan Dodson
101273,CS-2505,Cindy Stewart
101274,VT-11700,Valerie Takahito
101275,MC-7845,Michael Chen
101276,KH-6690,Kristen Hastings
101277,VS-11820,Vivek Sundaresam
101278,NF-8475,Neil Französisch
101279,TB-11190,Thomas Brumley
101280,TS-11205,Thomas Seio
101281,TD-10995,Tamara Dahlen
101282,EB-3750,Edward Becker
101283,AH-690,Anna Häberlin
101284,TB-11280,Toby Braunhardt
101285,AM-705,Anne McFarland
101286,BD-1620,Brian DeCherney
101287,KF-6285,Karen Ferguson
101288,BE-1335,Bill Eplett
101289,HA-4905,Helen Abelman
101290,ND-8370,Natalie DeCherney
101291,AA-645,Anna Andreadi
101292,CC-2430,Chuck Clark
101293,PL-8925,Paul Lucas
101294,SO-10335,Sean O'Donnell
101295,AY-555,Andy Yotov
101296,JB-6000,Joy Bell-
101297,SN-10560,Skye Norling
101298,AH-465,Amy Hunt
101299,HW-4935,Helen Wasserman
101300,MC-7425,Mark Cousins
101301,BT-1680,Brian Thompson
101302,MG-7650,Matthew Grinstein
101303,CB-2415,Christy Brittain
101304,CK-2760,Cyma Kinney
101305,AG-330,Alex Grayson
101306,MK-8160,Mike Kennedy
101307,NC-8625,Noah Childs
101308,MO-7950,Michael Oakman
101309,HF-4995,Herbert Flentye
101310,SJ-10215,Sarah Jordon
101311,AO-810,Anthony O'Donnell
101312,RM-9375,Raymond Messe
101313,MM-8055,Michelle Moray
101314,DN-3690,Duane Noonan
101315,EB-3930,Eric Barreto
101316,NH-8610,Nicole Hansen
101317,EL-3735,Ed Ludwig
101318,PS-8760,Pamela Stobb
101319,ST-10530,Shui Tom
101320,RH-9510,Rick Huthwaite
101321,BD-1605,Brian Dahlen
101322,SC-10440,Shaun Chance
101323,CG-2040,Catherine Glotzbach
101324,TG-11310,Toby Gnade
101325,FO-4305,Frank Olsen
101326,CS-1950,Carlos Soltero
101327,LE-6810,Laurel Elliston
101328,DR-2880,Dan Reichenbach
101329,JR-5700,Jocasta Rupert
101330,MS-7710,Maurice Satty
101331,PM-8940,Paul MacIntyre
101332,AZ-750,Annie Zypern
101333,AA-375,Allen Armold
101334,FM-4290,Frank Merwin
101335,CR-2820,Cyra Reiten
101336,VB-11745,Victoria Brennan
101337,RH-19600,Rob Haberlin
101338,KH-6330,Katharine Harms
101339,ME-7725,Max Engle
101340,FA-4230,Frank Atkinson
101341,GM-4455,Gary Mitchum
101342,KH-6510,Keith Herrera
101343,CD-2790,Cynthia Delaney
101344,NB-8580,Nicole Brennan
101345,CS-2250,Chris Selesnick
101346,SP-10920,Susan Pistek
101347,TH-11100,Thea Hendricks
101348,DC-3285,Debra Catini
101349,CM-2655,Corinna Mitchell
101350,RF-9735,Roland Fjeld
101351,LH-6750,Larry Hughes
101352,JM-5265,Janet Molinari
101353,CS-1845,Cari Sayre
101354,CS-1860,Cari Schnelling
101355,BT-1485,Brad Thomas
101356,KB-6240,Karen Bern
101357,KB-6600,Ken Brennan
101358,LS-7230,Lycoris Saunders
101359,MS-7365,Maribeth Schnelling
101360,BG-1740,Bruce Geld
101361,HJ-4875,Heather Jas
101362,LR-6915,Lena Radford
101363,JW-6075,Julia West
101364,DJ-3420,Denny Joy
101365,SP-10650,Stephanie Phelps
101366,VM-21835,Vivian Mathis
101367,CM-1815,Candace McMahon
101368,MH-8025,Michelle Huthwaite
101369,RD-9480,Rick Duston
101370,PW-9030,Pauline Webber
101371,EB-4170,Evan Bailliet
101372,SM-10950,Suzanne McNair
101373,NP-8325,Naresj Patel
101374,MP-8175,Mike Pelletier
101375,CM-2160,Charles McCrossin
101376,NP-8700,Nora Preis
101377,BP-1185,Ben Peterman
101378,SW-10755,Steven Ward
101379,AC-450,Amy Cox
101380,SE-10110,Sanjit Engle
101381,BS-1365,Bill Shonely
101382,RM-9750,Roland Murray
101383,BT-1395,Bill Tyler
101384,BP-1155,Becky Pak
101385,GT-4635,Grant Thornton
101386,CM-1935,Carlos Meador
101387,RE-9405,Ricardo Emerson
101388,KS-6300,Karen Seio
101389,TS-11160,Theresa Swint
101390,ML-7395,Marina Lichtenstein
101391,BF-1170,Ben Ferrer
101392,NS-8640,Noel Staavos
101393,RB-9570,Rob Beeghly
101394,FM-4380,Fred McMath
101395,AG-300,Aleksandra Gannaway
101396,SW-10350,Sean Wendt
101397,JR-6210,Justin Ritter
101398,MD-7350,Maribeth Dona
101399,ML-7755,Max Ludwig
101400,HA-4920,Helen Andreada
101401,AS-45,Aaron Smayling
101402,BF-1215,Benjamin Farhat
101403,LH-6900,Lena Hernandez
101404,DP-3390,Dennis Pardue
101405,DH-3075,Dave Hallsten
101406,HM-4860,Harry Marie
101407,SB-10185,Sarah Brown
101408,RF-9840,Roy Französisch
101409,SV-10935,Susan Vittorini
101410,CS-2355,Christine Sundaresam
101411,GM-4695,Greg Maxwell
101412,AT-435,Alyssa Tate
101413,MC-8130,Mike Caudle
101414,FP-4320,Frank Preis
101415,DK-3225,Dean Katz
101416,VG-11790,Vivek Gonzalez
101417,LF-7185,Luke Foster
101418,NC-8535,Nick Crebassa
101419,DB-3405,Denny Blanton
101420,MH-8115,Mick Hernandez
101421,SA-10830,Sue Ann Reed
101422,JK-5640,Jim Kriz
101423,VF-11715,Vicky Freymann
101424,VW-11775,Victoria Wilson
101425,SN-10710,Steve Nguyen
101426,MS-7980,Michael Stewart
101427,AD-180,Alan Dominguez
101428,MC-8100,Mick Crebagga
101429,JB-5925,Joni Blumstein
101430,JC-5340,Jasper Cacioppo
101431,MF-7665,Maureen Fritzler
101432,RP-9270,Rachel Payne
101433,PF-9120,Peter Fuller
101434,DK-2895,Dana Kaydos
101435,RW-9630,Rob Williams
101436,TM-11490,Tony Molinari
101437,Co-2640,Corey-Lock
101438,EM-3810,Eleni McCrary
101439,JK-6090,Juliana Krohn
101440,JH-5430,Jennifer Halladay
101441,AR-405,Allen Rosenblatt
101442,TZ-11580,Tracy Zic
101443,BG-1035,Barry Gonzalez
101444,PS-9045,Penelope Sewall
101445,MS-7770,Maxwell Schwartz
101446,SS-10875,Sung Shariari
101447,DB-2970,Darren Budd
101448,SS-10515,Shirley Schmidt
101449,AW-930,Arthur Wiediger
101450,PK-8910,Paul Knutson
101451,GM-4440,Gary McGarr
101452,CY-2745,Craig Yedwab
101453,RW-9690,Robert Waldorf
101454,CC-2100,Chad Cunningham
101455,KD-6345,Katherine Ducich
101456,KN-6390,Katherine Nockton
101457,GT-4710,Greg Tran
101458,TS-11085,Thais Sissman
101459,RR-9525,Rick Reed
101460,MT-7815,Meg Tillman
101461,JA-5970,Joseph Airdo
101462,CB-2535,Claudia Bergmann
101463,AP-720,Anne Pryor
101464,SP-10860,Sung Pak
101465,IL-5100,Ivan Liston
101466,VD-11670,Valerie Dominguez
101467,EH-3765,Edward Hooks
101468,BS-1755,Bruce Stewart
101469,HL-5040,Hunter Lopez
101470,CA-2310,Christine Abelman
101471,AC-420,Alyssa Crouse
101472,CC-2145,Charles Crestani
101473,KB-6585,Ken Black
101474,JG-5115,Jack Garza
101475,GK-4620,Grace Kelly
101476,FW-4395,Fred Wasserman
101477,VM-11685,Valerie Mitchum
101478,RB-9360,Raymond Buch
101479,AG-495,Andrew Gjertsen
101480,IM-5070,Irene Maddox
101481,MC-7635,Matthew Clasen
101482,SH-10635,Stefanie Holloman
101483,KC-6540,Kelly Collister
101484,QJ-9255,Quincy Jones
101485,JK-5325,Jason Klamczynski
101486,AI-855,Arianne Irving
101487,SC-10095,Sanjit Chand
101488,CT-1995,Carol Triggs
101489,PJ-8835,Patrick Jones
101490,JM-6195,Justin MacKendrick
101491,CV-2295,Christina VanderZanden
101492,DB-3120,David Bremer
101493,NL-8310,Nancy Lomonaco
101494,BB-1545,Brenda Bowman
101495,BV-1245,Benjamin Venier
101496,BS-1380,Bill Stewart
101497,KA-6525,Kelly Andreada
101498,RB-9795,Ross Baird
101499,EP-3915,Emily Phan
101500,JS-5595,Jill Stevenson
101501,JE-5610,Jim Epp
101502,CJ-1875,Carl Jackson
101503,TH-11550,Tracy Hopkins
101504,HR-4830,Harold Ryan
101505,KC-6675,Kimberly Carter
101506,LS-7200,Luke Schmidt
101507,DL-2925,Daniel Lacy
101508,WB-11850,William Brown
101509,SJ-10500,Shirley Jackson
101510,DF-3135,David Flashing
101511,SZ-10035,Sam Zeldin
101512,CK-2205,Chloris Kastensmidt
101513,TM-11010,Tamara Manning
101514,FC-4335,Fred Chung
101515,GB-4530,George Bell
101516,BF-1275,Beth Fritzler
101517,NB-8655,Nona Balk
101518,EH-3990,Erica Hackney
101519,SP-10545,Sibella Parks
101520,Dp-3240,Dean percer
101521,LW-6825,Laurel Workman
101522,EN-3780,Edward Nazzal
101523,TZ-11445,Tom Zandusky
101524,KD-6615,Ken Dana
101525,LD-7005,Lisa DeCherney
101526,CL-1890,Carl Ludwig
101527,HG-4965,Henry Goldwyn
101528,BO-1350,Bill Overfelt
101529,YC-11895,Yoseph Carroll
101530,JM-5535,Jessica Myrick
101531,RA-9885,Ruben Ausman
101532,KM-6660,Khloe Miller
101533,DW-3585,Dorothy Wardle
101534,TS-11655,Trudy Schmidt
101535,RK-9300,Ralph Kennedy
101536,SC-10020,Sam Craven
101537,AG-390,Allen Goldenen
101538,AT-735,Annie Thurman
101539,JW-5955,Joni Wasserman
101540,AF-885,Art Foster
101541,KB-6405,Katrina Bavinger
101542,BP-1290,Beth Paige
101543,OT-8730,Olvera Toch
101544,LS-6975,Lindsay Shagiari
101545,GD-4590,Giulietta Dortch
101546,MP-7965,Michael Paige
101547,DS-3180,David Smith
101548,ED-3885,Emily Ducich
101549,NZ-8565,Nick Zandusky
101550,JG-5805,John Grady
101551,EB-3870,Emily Burns
101552,BG-1695,Brooke Gillingham
101553,SR-10425,Sharelle Roach
101554,AS-90,Adam Shillingsburg
101555,SP-10620,Stefania Perrino
101556,SH-10395,Shahid Hopkins
101557,AR-540,Andy Reiter
101558,CM-2235,Chris McAfee
101559,AS-225,Alan Schoenberger
101560,RA-9915,Russell Applegate
101561,RS-9420,Ricardo Sperren
101562,TN-11040,Tanja Norvell
101563,VP-11730,Victor Preis
101564,KW-6435,Katrina Willman
101565,PP-8955,Paul Prost
101566,SC-10575,Sonia Cooley
101567,ML-7410,Maris LaWare
101568,CJ-2010,Caroline Jumper
101569,FG-4260,Frank Gastineau
101570,TW-11025,Tamara Willingham
101571,DB-3210,Dean Braden
101572,EA-4035,Erin Ashbrook
101573,EM-3825,Elizabeth Moffitt
101574,TB-11355,Todd Boyes
101575,ME-8010,Michelle Ellison
101576,JE-5715,Joe Elijah
101577,MC-7605,Matt Connell
101578,FH-4350,Fred Harton
101579,BC-1125,Becky Castell
101580,MG-7875,Michael Grace
101581,FH-4275,Frank Hawley
101582,DK-2985,Darren Koutras
101583,BK-1260,Berenike Kampe
101584,MP-7470,Mark Packer
101585,SC-10800,Stuart Calhoun
101586,BD-1500,Bradley Drucker
101587,RC-9825,Roy Collins
101588,MG-7890,Michael Granlund
101589,ZC-11910,Zuschuss Carroll
